{"cameraMode":{"drawMode":0,"name":"Shaded","section":"Shading Mode"},"sceneLighting":true,"audioPlay":false,"sceneViewState":{"m_AlwaysRefresh":false,"showFog":true,"showSkybox":true,"showFlares":true,"showImageEffects":true,"showParticleSystems":true,"showVisualEffectGraphs":true,"m_FxEnabled":true},"in2DMode":false,"pivot":{"x":4.002022743225098,"y":4.134433746337891,"z":0.32425373792648318},"rotation":{"x":-0.09355473518371582,"y":-0.1526145190000534,"z":0.014509400352835656,"w":-0.9837914109230042},"size":1.2454147338867188,"orthographic":false}