{"cameraMode":{"drawMode":0,"name":"Shaded","section":"Shading Mode"},"sceneLighting":true,"audioPlay":false,"sceneViewState":{"m_AlwaysRefresh":false,"showFog":true,"showSkybox":true,"showFlares":true,"showImageEffects":true,"showParticleSystems":true,"showVisualEffectGraphs":true,"m_FxEnabled":true},"in2DMode":false,"pivot":{"x":-6.150000095367432,"y":7.0893964767456059,"z":-5.840027809143066},"rotation":{"x":-0.22780616581439973,"y":-0.0008878096705302596,"z":0.00015341510879807174,"w":-0.9737717509269714},"size":0.11833149194717407,"orthographic":false}