{"cameraMode":{"drawMode":0,"name":"Shaded","section":"Shading Mode"},"sceneLighting":true,"audioPlay":false,"sceneViewState":{"m_AlwaysRefresh":false,"showFog":true,"showSkybox":true,"showFlares":true,"showImageEffects":true,"showParticleSystems":true,"showVisualEffectGraphs":true,"m_FxEnabled":true},"in2DMode":false,"pivot":{"x":-0.43991708755493166,"y":-2.1241981983184816,"z":-11.300908088684082},"rotation":{"x":-0.8742663264274597,"y":-0.056352343410253528,"z":0.10461097210645676,"w":-0.471269428730011},"size":1.0107090473175049,"orthographic":false}