{"cameraMode":{"drawMode":0,"name":"Shaded","section":"Shading Mode"},"sceneLighting":true,"audioPlay":false,"sceneViewState":{"m_AlwaysRefresh":false,"showFog":true,"showSkybox":true,"showFlares":true,"showImageEffects":true,"showParticleSystems":true,"showVisualEffectGraphs":true,"m_FxEnabled":true},"in2DMode":false,"pivot":{"x":-0.7255032062530518,"y":-1.3738207817077637,"z":-11.934137344360352},"rotation":{"x":-0.39517441391944888,"y":-0.05161411687731743,"z":0.02184663899242878,"w":-0.9171674251556397},"size":7.065596580505371,"orthographic":false}