{"cameraMode":{"drawMode":0,"name":"Shaded","section":"Shading Mode"},"sceneLighting":true,"audioPlay":false,"sceneViewState":{"m_AlwaysRefresh":false,"showFog":true,"showSkybox":true,"showFlares":true,"showImageEffects":true,"showParticleSystems":true,"showVisualEffectGraphs":true,"m_FxEnabled":true},"in2DMode":false,"pivot":{"x":0.6677417159080505,"y":4.641567230224609,"z":-8.156614303588868},"rotation":{"x":-0.22780616581439973,"y":-0.0008878096705302596,"z":0.00015341510879807174,"w":-0.9737717509269714},"size":1.6600782871246338,"orthographic":false}