{"cameraMode":{"drawMode":0,"name":"Shaded","section":"Shading Mode"},"sceneLighting":true,"audioPlay":false,"sceneViewState":{"m_AlwaysRefresh":false,"showFog":true,"showSkybox":true,"showFlares":true,"showImageEffects":true,"showParticleSystems":true,"showVisualEffectGraphs":true,"m_FxEnabled":true},"in2DMode":false,"pivot":{"x":1.5562211275100709,"y":1.8299708366394044,"z":-23.076274871826173},"rotation":{"x":0.24085599184036256,"y":0.7591107487678528,"z":-0.42762047052383425,"w":0.4276374280452728},"size":0.032787203788757327,"orthographic":false}