{"cameraMode":{"drawMode":0,"name":"Shaded","section":"Shading Mode"},"sceneLighting":true,"audioPlay":false,"sceneViewState":{"m_AlwaysRefresh":false,"showFog":true,"showSkybox":true,"showFlares":true,"showImageEffects":true,"showParticleSystems":true,"showVisualEffectGraphs":true,"m_FxEnabled":true},"in2DMode":false,"pivot":{"x":1.5080995559692383,"y":1.8020001649856568,"z":-23.063602447509767},"rotation":{"x":0.4682573676109314,"y":-0.05587944760918617,"z":0.029671775177121164,"w":0.8812963366508484},"size":0.08189225196838379,"orthographic":false}