{"cameraMode":{"drawMode":0,"name":"Shaded","section":"Shading Mode"},"sceneLighting":true,"audioPlay":false,"sceneViewState":{"m_AlwaysRefresh":false,"showFog":true,"showSkybox":true,"showFlares":true,"showImageEffects":true,"showParticleSystems":true,"showVisualEffectGraphs":true,"m_FxEnabled":true},"in2DMode":false,"pivot":{"x":1.8637592792510987,"y":3.5676934719085695,"z":-6.3460187911987309},"rotation":{"x":-0.03935249149799347,"y":-0.23665784299373628,"z":0.009517217054963112,"w":-0.9708749651908875},"size":2.2656192779541017,"orthographic":false}